cluster,ego_id,model,mean_diff,std_diff,n_replications
bowtie_cluster,36643a8d2a33deef64c8bc963989c74f,gen_ftr1,0.1851662498721322,0.030383113012928984,
bowtie_cluster,36643a8d2a33deef64c8bc963989c74f,gen_f3ccr1,0.19412640736170153,0.037565213729169794,
bowtie_cluster,36643a8d2a33deef64c8bc963989c74f,gen_no_constraint,0.17850722262486976,0.030744731467149775,
bowtie_cluster,36643a8d2a33deef64c8bc963989c74f,gen_jdm,0.12696491961197842,0.027478470929768514,
bowtie_cluster,5ba5a16a9d6f245070175d5fb7fcd04f,gen_ftr1,0.28540143592773004,0.02404816280609095,
bowtie_cluster,5ba5a16a9d6f245070175d5fb7fcd04f,gen_f3ccr1,0.31515004752445236,0.02018352847740383,
bowtie_cluster,5ba5a16a9d6f245070175d5fb7fcd04f,gen_no_constraint,0.28908830526997914,0.0271752082193643,
bowtie_cluster,5ba5a16a9d6f245070175d5fb7fcd04f,gen_jdm,0.27519213380872287,0.016663111256577014,
bowtie_cluster,635a6673eae223b87f0b2ca8a957a701,gen_ftr1,0.17635325458854872,0.056060666226427316,
bowtie_cluster,635a6673eae223b87f0b2ca8a957a701,gen_f3ccr1,0.25409085467909,0.03807787221353692,
bowtie_cluster,635a6673eae223b87f0b2ca8a957a701,gen_no_constraint,0.22503492585845528,0.03848434528096024,
bowtie_cluster,635a6673eae223b87f0b2ca8a957a701,gen_jdm,0.22661064425770314,0.03439349508282515,
bowtie_cluster,885b5f323cb276173bbe9df2281a635b,gen_ftr1,0.3361514302690773,0.06323021894412044,
bowtie_cluster,8f55b1c8e6d4fc0ef2610f96d4f3abef,gen_ftr1,0.39249987024247474,0.022300200494338642,
bowtie_cluster,bde26394f5c678aa917d6047e109331f,gen_ftr1,0.229395224895385,0.03144149674979025,
bowtie_cluster,bde26394f5c678aa917d6047e109331f,gen_f3ccr1,0.2598720556337723,0.02970074859743916,
bowtie_cluster,bde26394f5c678aa917d6047e109331f,gen_no_constraint,0.22677590628375296,0.028190270658905198,
bowtie_cluster,bde26394f5c678aa917d6047e109331f,gen_jdm,0.187023420257113,0.030511079794173432,
bowtie_cluster,f491f50caf93b95537891939836045d5,gen_ftr1,0.12451718060961758,0.029531784163110857,
bowtie_cluster,f491f50caf93b95537891939836045d5,gen_f3ccr1,0.1457960962162643,0.038621805124301516,
bowtie_cluster,f491f50caf93b95537891939836045d5,gen_no_constraint,0.17860912041584312,0.029177279086926956,
bowtie_cluster,f491f50caf93b95537891939836045d5,gen_jdm,0.12330629221385524,0.04020068551066774,
dense_cluster,0f9723c96dcb40c91b5f637ddcdec883,gen_ftr1,0.3138195409743691,0.023394623759775683,
dense_cluster,3beecac4174f2339361183ad90e645b4,gen_ftr1,0.06377038654732732,0.011684879585315413,
dense_cluster,5779312375e793ad30a9a6c1536ca14a,gen_ftr1,0.38574407778560027,0.04913944521933104,
dense_cluster,5779312375e793ad30a9a6c1536ca14a,gen_f3ccr1,0.43353347280682913,0.026871225825492857,
dense_cluster,5779312375e793ad30a9a6c1536ca14a,gen_no_constraint,0.4305661658602835,0.03793749891859597,
dense_cluster,5779312375e793ad30a9a6c1536ca14a,gen_jdm,0.4334561632139487,0.030917520763102613,
dense_cluster,67ed41dba578b20a88b44d1aa8b092a0,gen_ftr1,0.30834606569900685,0.06090104301199272,
dense_cluster,67ed41dba578b20a88b44d1aa8b092a0,gen_f3ccr1,0.36118750530515237,0.0377319656890106,
dense_cluster,67ed41dba578b20a88b44d1aa8b092a0,gen_no_constraint,0.3703930056871233,0.058892401032532446,
dense_cluster,67ed41dba578b20a88b44d1aa8b092a0,gen_jdm,0.3386490960020372,0.05816955175171579,
dense_cluster,7a85e4c203546a85eb67e848cfd7c737,gen_ftr1,0.022242971262579105,0.011879183497218752,
dense_cluster,b0e89a4ee22c5a82a75e74b7e61821da,gen_ftr1,0.16158908007647504,0.05519502228640363,
dense_cluster,b0e89a4ee22c5a82a75e74b7e61821da,gen_f3ccr1,0.16153461384553822,0.07339964428565576,
dense_cluster,b0e89a4ee22c5a82a75e74b7e61821da,gen_no_constraint,0.16758925792539237,0.05231254472275219,
dense_cluster,b0e89a4ee22c5a82a75e74b7e61821da,gen_jdm,0.12372393401805167,0.06688275825385895,
dense_cluster,cf7bd16acdba78c32f1d518a8525d910,gen_ftr1,0.1702766876070622,0.026443693944855337,
dense_cluster,f7b2a9868e91194cb953253f7f25ac45,gen_ftr1,0.11668020743650996,0.032598095837645225,
dense_cluster,f7b2a9868e91194cb953253f7f25ac45,gen_f3ccr1,0.12708558170743042,0.029505603823591808,
dense_cluster,f7b2a9868e91194cb953253f7f25ac45,gen_no_constraint,0.11474034058067675,0.02205770406819715,
dense_cluster,f7b2a9868e91194cb953253f7f25ac45,gen_jdm,0.13516628873771733,0.03132652716587212,
holes_cluster,18ea31c291856958c96f6bbd36b5c899,gen_ftr1,0.33199300902273854,0.02426811678938336,
holes_cluster,18ea31c291856958c96f6bbd36b5c899,gen_f3ccr1,0.33915231333097495,0.01442649262680022,
holes_cluster,18ea31c291856958c96f6bbd36b5c899,gen_no_constraint,0.33882552596599735,0.026415335152982434,
holes_cluster,18ea31c291856958c96f6bbd36b5c899,gen_jdm,0.29008648585293023,0.014764231426614899,
holes_cluster,1aed0d73be720ffc08e3f7856fc4b182,gen_ftr1,0.20854381617359402,0.01637492997478623,
holes_cluster,1aed0d73be720ffc08e3f7856fc4b182,gen_f3ccr1,0.18894366589513878,0.021292307130198734,
holes_cluster,1aed0d73be720ffc08e3f7856fc4b182,gen_no_constraint,0.17363683282013706,0.01890348737555682,
holes_cluster,1aed0d73be720ffc08e3f7856fc4b182,gen_jdm,0.16834997181086322,0.014491388524845092,
holes_cluster,346a6423ddc65ae4e597a40ab9eb5228,gen_ftr1,0.20960439731448136,0.04041992726917221,
holes_cluster,346a6423ddc65ae4e597a40ab9eb5228,gen_f3ccr1,0.23332499666533277,0.01926996016960573,
holes_cluster,346a6423ddc65ae4e597a40ab9eb5228,gen_no_constraint,0.27973022542350273,0.02731556387260521,
holes_cluster,346a6423ddc65ae4e597a40ab9eb5228,gen_jdm,0.044036503490285,0.018939272544265418,
holes_cluster,62a7b69cc69ac5d99f55d4018fd57bbf,gen_ftr1,0.14773093550183333,0.03139188498306666,
holes_cluster,62a7b69cc69ac5d99f55d4018fd57bbf,gen_f3ccr1,0.13734170313117683,0.03190804968523124,
holes_cluster,62a7b69cc69ac5d99f55d4018fd57bbf,gen_no_constraint,0.15006085532401323,0.03306724925659331,
holes_cluster,62a7b69cc69ac5d99f55d4018fd57bbf,gen_jdm,0.06082407444636548,0.012285469846438378,
holes_cluster,6ce1608ad61025029f7aaef918950ffb,gen_ftr1,0.1557254544080469,0.02020317888268761,
holes_cluster,6ce1608ad61025029f7aaef918950ffb,gen_f3ccr1,0.14962517844204304,0.02300436515908265,
holes_cluster,6ce1608ad61025029f7aaef918950ffb,gen_no_constraint,0.14124793583093723,0.02281995531784831,
holes_cluster,6ce1608ad61025029f7aaef918950ffb,gen_jdm,0.1191367876033993,0.02080187243356893,
holes_cluster,7fd27933925a36921c6e93ba2ddd93f6,gen_ftr1,0.31459200036364693,0.02495168946205212,
holes_cluster,7fd27933925a36921c6e93ba2ddd93f6,gen_f3ccr1,0.34372946052263714,0.017398956230508276,
holes_cluster,7fd27933925a36921c6e93ba2ddd93f6,gen_no_constraint,0.28923367285731966,0.028019979872300437,
holes_cluster,7fd27933925a36921c6e93ba2ddd93f6,gen_jdm,0.31053731834295983,0.013968644816979283,
holes_cluster,a444ff59dc54c3cb8d859499bdf877c2,gen_ftr1,0.13164466504687947,0.014090123358666893,
holes_cluster,a444ff59dc54c3cb8d859499bdf877c2,gen_f3ccr1,0.1264048852060049,0.01374078369756588,
holes_cluster,a444ff59dc54c3cb8d859499bdf877c2,gen_no_constraint,0.11172202075666263,0.011977905006076229,
holes_cluster,a444ff59dc54c3cb8d859499bdf877c2,gen_jdm,0.10292251797244764,0.011127396101340304,
holes_cluster,d36b403636c4ec24559656e9794e3336,gen_ftr1,0.17501590532155697,0.03035848048023456,
holes_cluster,d36b403636c4ec24559656e9794e3336,gen_f3ccr1,0.17330005098808596,0.02306364346672745,
holes_cluster,d36b403636c4ec24559656e9794e3336,gen_no_constraint,0.19061307737231978,0.028519594558853424,
holes_cluster,d36b403636c4ec24559656e9794e3336,gen_jdm,0.153727607562671,0.017866943754127874,
holes_cluster,dc008b46d74bb5b5918e33e823b2fec2,gen_ftr1,0.16565178250558873,0.024698851648272006,
holes_cluster,dc008b46d74bb5b5918e33e823b2fec2,gen_f3ccr1,0.15146686822724886,0.02473079933754761,
holes_cluster,dc008b46d74bb5b5918e33e823b2fec2,gen_no_constraint,0.15426104939210478,0.019538021506298377,
holes_cluster,dc008b46d74bb5b5918e33e823b2fec2,gen_jdm,0.14806838098144326,0.021258269760896467,
holes_cluster,f29e88184278752bf4ab67ec7805a19f,gen_ftr1,0.10678396358543417,0.027188542566115362,
holes_cluster,f29e88184278752bf4ab67ec7805a19f,gen_f3ccr1,0.09763071895424837,0.03106440042452176,
holes_cluster,f29e88184278752bf4ab67ec7805a19f,gen_no_constraint,0.1450280112044818,0.034209074705776346,
holes_cluster,f29e88184278752bf4ab67ec7805a19f,gen_jdm,0.03586601307189542,0.01664272036612447,
sparse_cluster,2985e60bb9187fbc99f561de2b448c06,gen_ftr1,0.24916900093370686,0.050932268721801184,
sparse_cluster,2c887e045bff82c9b5f3b4e70b0208ab,gen_ftr1,0.3612035663938779,0.09495718142391081,
sparse_cluster,70490b40b5043f8e3df000f6d85bd0c5,gen_ftr1,0.37807043964539216,0.05143153050641834,
sparse_cluster,70490b40b5043f8e3df000f6d85bd0c5,gen_f3ccr1,0.41034456793470075,0.024534245421233312,
sparse_cluster,70490b40b5043f8e3df000f6d85bd0c5,gen_no_constraint,0.4327454996335452,0.05127121858111622,
sparse_cluster,70490b40b5043f8e3df000f6d85bd0c5,gen_jdm,0.37156561549350925,0.03790958637522101,
sparse_cluster,70df59832ed02d62d14a2b2bd6aa87c8,gen_ftr1,0.4462050076367501,0.033686461319840794,
sparse_cluster,70df59832ed02d62d14a2b2bd6aa87c8,gen_f3ccr1,0.4887288401161875,0.02057665631277756,
sparse_cluster,70df59832ed02d62d14a2b2bd6aa87c8,gen_no_constraint,0.48829457836117107,0.030759302426809562,
sparse_cluster,70df59832ed02d62d14a2b2bd6aa87c8,gen_jdm,0.4510568931212659,0.018686035975892624,
sparse_cluster,75e28fe53f43a8e136246f7374c61ebc,gen_ftr1,0.214818149482015,0.07519673650851436,
sparse_cluster,76b10a5030ec483ba6cea4b87cd1b9c3,gen_ftr1,0.3644686183063032,0.0391244460205528,
sparse_cluster,8c91caa3a839773cd186d3bde85792ab,gen_ftr1,0.16130718954248366,0.08988513229190916,
sparse_cluster,8c91caa3a839773cd186d3bde85792ab,gen_f3ccr1,0.32111111111111107,0.09988810006449858,
sparse_cluster,8c91caa3a839773cd186d3bde85792ab,gen_no_constraint,0.3226797385620914,0.08148410863379746,
sparse_cluster,8c91caa3a839773cd186d3bde85792ab,gen_jdm,0.23673202614379085,0.07629346561727775,
sparse_cluster,8ee230717bb4771948f7f1b5705832bf,gen_ftr1,0.39008103241296527,0.05711910136080943,
sparse_cluster,8ee230717bb4771948f7f1b5705832bf,gen_f3ccr1,0.43766617758214393,0.03661593769851784,
sparse_cluster,8ee230717bb4771948f7f1b5705832bf,gen_no_constraint,0.4240746298519408,0.04505556132001786,
sparse_cluster,8ee230717bb4771948f7f1b5705832bf,gen_jdm,0.3985610911031079,0.04159505329495084,
sparse_cluster,bf39541b7ad854fc1d6f46ea6a9c4b34,gen_ftr1,0.36032931691194986,0.0760633758493913,
stars_cluster,0305fa001039c87957e4b40382da1af8,gen_ftr1,0.3597724700130368,0.026809425646581727,
stars_cluster,0305fa001039c87957e4b40382da1af8,gen_f3ccr1,0.3719184841692668,0.01845057073794227,
stars_cluster,0305fa001039c87957e4b40382da1af8,gen_no_constraint,0.36823217136695463,0.02172336284311524,
stars_cluster,0305fa001039c87957e4b40382da1af8,gen_jdm,0.35774810861316053,0.016523595719233432,
stars_cluster,149a4a2fe5330e617e50fbb1256a3948,gen_ftr1,0.29409652749988885,0.04135743604055804,
stars_cluster,2fe81f90ddcd8c72f38a253f470379b6,gen_ftr1,0.2254852489558372,0.03714465316389027,
stars_cluster,2fe81f90ddcd8c72f38a253f470379b6,gen_f3ccr1,0.2389177228000757,0.037155039481228655,
stars_cluster,2fe81f90ddcd8c72f38a253f470379b6,gen_no_constraint,0.2327754511283923,0.035424798783443935,
stars_cluster,2fe81f90ddcd8c72f38a253f470379b6,gen_jdm,0.20994432800315158,0.03542235665764497,
stars_cluster,44ecf05ad34f2f076fee207c2efd1d28,gen_ftr1,0.3222767858360142,0.03189726466510987,
stars_cluster,4bdc9ae0b1cc2c50cc3ed01d091ca353,gen_ftr1,0.28401416122004364,0.136695342332217,
stars_cluster,4fe6340fdcaeec9720c6fc14ca82e91a,gen_ftr1,0.31798109889542114,0.05583345730136088,
stars_cluster,4fe6340fdcaeec9720c6fc14ca82e91a,gen_f3ccr1,0.3729935452441846,0.030129730704760726,
stars_cluster,4fe6340fdcaeec9720c6fc14ca82e91a,gen_no_constraint,0.3747354497354497,0.029256893208057355,
stars_cluster,4fe6340fdcaeec9720c6fc14ca82e91a,gen_jdm,0.3142718747578083,0.02838426977023769,
stars_cluster,5852c4ce83d5140a41ce61118b1306b0,gen_ftr1,0.15474917408846484,0.02958112451652665,
stars_cluster,5852c4ce83d5140a41ce61118b1306b0,gen_f3ccr1,0.19174771281089886,0.02766093367725969,
stars_cluster,5852c4ce83d5140a41ce61118b1306b0,gen_no_constraint,0.17750377469628809,0.02588941733031365,
stars_cluster,5852c4ce83d5140a41ce61118b1306b0,gen_jdm,0.10391983239576823,0.02478442259467759,
stars_cluster,b4ac51e3bdb75ac5b3aaf40f33564281,gen_ftr1,0.16895749071969576,0.03091056158312936,
stars_cluster,d19a51bbfb371c13928ddf1f74170584,gen_ftr1,0.24905563548827309,0.03728695863987562,
stars_cluster,ebaea062bfc7de4644a01b732bed6a2e,gen_ftr1,0.31213893640468526,0.0245927450159343,
stars_cluster,f7e8eedb24e13f78fa6c3ce9745cac9e,gen_ftr1,0.2822501909956493,0.01864396578631668,
stars_cluster,f7e8eedb24e13f78fa6c3ce9745cac9e,gen_f3ccr1,0.48853789055975344,0.017404124134834036,
stars_cluster,f7e8eedb24e13f78fa6c3ce9745cac9e,gen_no_constraint,0.4663064776042495,0.018918740840742063,
stars_cluster,f7e8eedb24e13f78fa6c3ce9745cac9e,gen_jdm,0.45892484045631815,0.017069784383503112,
bowtie_cluster,36643a8d2a33deef64c8bc963989c74f,gen_ftr1,0.18516624987213218,0.03038311301292898,
bowtie_cluster,36643a8d2a33deef64c8bc963989c74f,gen_f3ccr1,0.19412640736170148,0.03756521372916979,
bowtie_cluster,36643a8d2a33deef64c8bc963989c74f,gen_no_constraint,0.17850722262486968,0.030744731467149764,
bowtie_cluster,36643a8d2a33deef64c8bc963989c74f,gen_jdm,0.12696491961197845,0.02747847092976852,
bowtie_cluster,5ba5a16a9d6f245070175d5fb7fcd04f,gen_ftr1,0.28540143592773004,0.02404816280609095,
bowtie_cluster,5ba5a16a9d6f245070175d5fb7fcd04f,gen_f3ccr1,0.31515004752445236,0.020183528477403824,
bowtie_cluster,5ba5a16a9d6f245070175d5fb7fcd04f,gen_no_constraint,0.28908830526997914,0.02717520821936429,
bowtie_cluster,5ba5a16a9d6f245070175d5fb7fcd04f,gen_jdm,0.27519213380872287,0.016663111256577018,
bowtie_cluster,635a6673eae223b87f0b2ca8a957a701,gen_ftr1,0.17635325458854872,0.05606066622642731,
bowtie_cluster,635a6673eae223b87f0b2ca8a957a701,gen_f3ccr1,0.25409085467908993,0.038077872213536916,
bowtie_cluster,635a6673eae223b87f0b2ca8a957a701,gen_no_constraint,0.22503492585845528,0.03848434528096023,
bowtie_cluster,635a6673eae223b87f0b2ca8a957a701,gen_jdm,0.22661064425770314,0.03439349508282515,
bowtie_cluster,885b5f323cb276173bbe9df2281a635b,gen_ftr1,0.3361514302690773,0.06323021894412044,
bowtie_cluster,8f55b1c8e6d4fc0ef2610f96d4f3abef,gen_ftr1,0.3924998702424748,0.022300200494338653,
bowtie_cluster,bde26394f5c678aa917d6047e109331f,gen_ftr1,0.229395224895385,0.03144149674979024,
bowtie_cluster,bde26394f5c678aa917d6047e109331f,gen_f3ccr1,0.2598720556337723,0.02970074859743916,
bowtie_cluster,bde26394f5c678aa917d6047e109331f,gen_no_constraint,0.22677590628375294,0.028190270658905198,
bowtie_cluster,bde26394f5c678aa917d6047e109331f,gen_jdm,0.187023420257113,0.030511079794173418,
bowtie_cluster,f491f50caf93b95537891939836045d5,gen_ftr1,0.12451718060961763,0.029531784163110864,
bowtie_cluster,f491f50caf93b95537891939836045d5,gen_f3ccr1,0.14579609621626433,0.03862180512430151,
bowtie_cluster,f491f50caf93b95537891939836045d5,gen_no_constraint,0.17860912041584315,0.02917727908692696,
bowtie_cluster,f491f50caf93b95537891939836045d5,gen_jdm,0.12330629221385524,0.04020068551066774,
dense_cluster,0f9723c96dcb40c91b5f637ddcdec883,gen_ftr1,0.3138195409743691,0.02339462375977568,
dense_cluster,3beecac4174f2339361183ad90e645b4,gen_ftr1,0.06377038654732732,0.011684879585315413,
dense_cluster,5779312375e793ad30a9a6c1536ca14a,gen_ftr1,0.3857440777856002,0.04913944521933104,
dense_cluster,5779312375e793ad30a9a6c1536ca14a,gen_f3ccr1,0.43353347280682913,0.026871225825492864,
dense_cluster,5779312375e793ad30a9a6c1536ca14a,gen_no_constraint,0.4305661658602835,0.037937498918595956,
dense_cluster,5779312375e793ad30a9a6c1536ca14a,gen_jdm,0.4334561632139487,0.03091752076310261,
dense_cluster,67ed41dba578b20a88b44d1aa8b092a0,gen_ftr1,0.30834606569900685,0.06090104301199272,
dense_cluster,67ed41dba578b20a88b44d1aa8b092a0,gen_f3ccr1,0.36118750530515237,0.037731965689010605,
dense_cluster,67ed41dba578b20a88b44d1aa8b092a0,gen_no_constraint,0.37039300568712336,0.058892401032532446,
dense_cluster,67ed41dba578b20a88b44d1aa8b092a0,gen_jdm,0.3386490960020372,0.05816955175171577,
dense_cluster,7a85e4c203546a85eb67e848cfd7c737,gen_ftr1,0.022242971262579105,0.011879183497218752,
dense_cluster,b0e89a4ee22c5a82a75e74b7e61821da,gen_ftr1,0.16158908007647504,0.05519502228640363,
dense_cluster,b0e89a4ee22c5a82a75e74b7e61821da,gen_f3ccr1,0.16153461384553822,0.07339964428565576,
dense_cluster,b0e89a4ee22c5a82a75e74b7e61821da,gen_no_constraint,0.16758925792539237,0.05231254472275219,
dense_cluster,b0e89a4ee22c5a82a75e74b7e61821da,gen_jdm,0.12372393401805167,0.06688275825385895,
dense_cluster,cf7bd16acdba78c32f1d518a8525d910,gen_ftr1,0.1702766876070622,0.026443693944855337,
dense_cluster,f7b2a9868e91194cb953253f7f25ac45,gen_ftr1,0.11668020743650999,0.03259809583764523,
dense_cluster,f7b2a9868e91194cb953253f7f25ac45,gen_f3ccr1,0.12708558170743042,0.02950560382359181,
dense_cluster,f7b2a9868e91194cb953253f7f25ac45,gen_no_constraint,0.11474034058067675,0.02205770406819715,
dense_cluster,f7b2a9868e91194cb953253f7f25ac45,gen_jdm,0.13516628873771733,0.03132652716587212,
holes_cluster,18ea31c291856958c96f6bbd36b5c899,gen_ftr1,0.33199300902273854,0.02426811678938336,
holes_cluster,18ea31c291856958c96f6bbd36b5c899,gen_f3ccr1,0.33915231333097495,0.01442649262680022,
holes_cluster,18ea31c291856958c96f6bbd36b5c899,gen_no_constraint,0.33882552596599735,0.026415335152982434,
holes_cluster,18ea31c291856958c96f6bbd36b5c899,gen_jdm,0.2900864858529303,0.014764231426614899,
holes_cluster,1aed0d73be720ffc08e3f7856fc4b182,gen_ftr1,0.20854381617359402,0.01637492997478623,
holes_cluster,1aed0d73be720ffc08e3f7856fc4b182,gen_f3ccr1,0.18894366589513875,0.021292307130198737,
holes_cluster,1aed0d73be720ffc08e3f7856fc4b182,gen_no_constraint,0.17363683282013706,0.018903487375556822,
holes_cluster,1aed0d73be720ffc08e3f7856fc4b182,gen_jdm,0.16834997181086322,0.014491388524845087,
holes_cluster,346a6423ddc65ae4e597a40ab9eb5228,gen_ftr1,0.20960439731448136,0.04041992726917222,
holes_cluster,346a6423ddc65ae4e597a40ab9eb5228,gen_f3ccr1,0.23332499666533277,0.01926996016960574,
holes_cluster,346a6423ddc65ae4e597a40ab9eb5228,gen_no_constraint,0.27973022542350273,0.027315563872605222,
holes_cluster,346a6423ddc65ae4e597a40ab9eb5228,gen_jdm,0.044036503490285,0.01893927254426542,
holes_cluster,62a7b69cc69ac5d99f55d4018fd57bbf,gen_ftr1,0.14773093550183333,0.03139188498306665,
holes_cluster,62a7b69cc69ac5d99f55d4018fd57bbf,gen_f3ccr1,0.1373417031311768,0.03190804968523124,
holes_cluster,62a7b69cc69ac5d99f55d4018fd57bbf,gen_no_constraint,0.15006085532401323,0.0330672492565933,
holes_cluster,62a7b69cc69ac5d99f55d4018fd57bbf,gen_jdm,0.06082407444636548,0.012285469846438378,
holes_cluster,6ce1608ad61025029f7aaef918950ffb,gen_ftr1,0.1557254544080469,0.02020317888268761,
holes_cluster,6ce1608ad61025029f7aaef918950ffb,gen_f3ccr1,0.14962517844204304,0.023004365159082652,
holes_cluster,6ce1608ad61025029f7aaef918950ffb,gen_no_constraint,0.14124793583093723,0.02281995531784831,
holes_cluster,6ce1608ad61025029f7aaef918950ffb,gen_jdm,0.1191367876033993,0.020801872433568933,
holes_cluster,7fd27933925a36921c6e93ba2ddd93f6,gen_ftr1,0.31459200036364693,0.02495168946205212,
holes_cluster,7fd27933925a36921c6e93ba2ddd93f6,gen_f3ccr1,0.34372946052263714,0.017398956230508276,
holes_cluster,7fd27933925a36921c6e93ba2ddd93f6,gen_no_constraint,0.28923367285731966,0.028019979872300437,
holes_cluster,7fd27933925a36921c6e93ba2ddd93f6,gen_jdm,0.3105373183429599,0.013968644816979294,
holes_cluster,a444ff59dc54c3cb8d859499bdf877c2,gen_ftr1,0.13164466504687947,0.014090123358666894,
holes_cluster,a444ff59dc54c3cb8d859499bdf877c2,gen_f3ccr1,0.1264048852060049,0.01374078369756588,
holes_cluster,a444ff59dc54c3cb8d859499bdf877c2,gen_no_constraint,0.11172202075666263,0.01197790500607623,
holes_cluster,a444ff59dc54c3cb8d859499bdf877c2,gen_jdm,0.10292251797244764,0.011127396101340305,
holes_cluster,d36b403636c4ec24559656e9794e3336,gen_ftr1,0.17501590532155697,0.030358480480234554,
holes_cluster,d36b403636c4ec24559656e9794e3336,gen_f3ccr1,0.17330005098808596,0.02306364346672745,
holes_cluster,d36b403636c4ec24559656e9794e3336,gen_no_constraint,0.19061307737231978,0.02851959455885342,
holes_cluster,d36b403636c4ec24559656e9794e3336,gen_jdm,0.153727607562671,0.01786694375412787,
holes_cluster,dc008b46d74bb5b5918e33e823b2fec2,gen_ftr1,0.16565178250558873,0.024698851648272003,
holes_cluster,dc008b46d74bb5b5918e33e823b2fec2,gen_f3ccr1,0.15146686822724886,0.024730799337547606,
holes_cluster,dc008b46d74bb5b5918e33e823b2fec2,gen_no_constraint,0.15426104939210478,0.019538021506298374,
holes_cluster,dc008b46d74bb5b5918e33e823b2fec2,gen_jdm,0.1480683809814433,0.02125826976089647,
holes_cluster,f29e88184278752bf4ab67ec7805a19f,gen_ftr1,0.10678396358543417,0.027188542566115362,
holes_cluster,f29e88184278752bf4ab67ec7805a19f,gen_f3ccr1,0.09763071895424837,0.031064400424521764,
holes_cluster,f29e88184278752bf4ab67ec7805a19f,gen_no_constraint,0.1450280112044818,0.034209074705776346,
holes_cluster,f29e88184278752bf4ab67ec7805a19f,gen_jdm,0.03586601307189542,0.01664272036612447,
sparse_cluster,2985e60bb9187fbc99f561de2b448c06,gen_ftr1,0.24916900093370686,0.05093226872180119,
sparse_cluster,2c887e045bff82c9b5f3b4e70b0208ab,gen_ftr1,0.3612035663938778,0.09495718142391084,
sparse_cluster,70490b40b5043f8e3df000f6d85bd0c5,gen_ftr1,0.37807043964539216,0.051431530506418334,
sparse_cluster,70490b40b5043f8e3df000f6d85bd0c5,gen_f3ccr1,0.41034456793470075,0.02453424542123332,
sparse_cluster,70490b40b5043f8e3df000f6d85bd0c5,gen_no_constraint,0.4327454996335452,0.05127121858111623,
sparse_cluster,70490b40b5043f8e3df000f6d85bd0c5,gen_jdm,0.37156561549350914,0.03790958637522101,
sparse_cluster,70df59832ed02d62d14a2b2bd6aa87c8,gen_ftr1,0.4462050076367501,0.03368646131984079,
sparse_cluster,70df59832ed02d62d14a2b2bd6aa87c8,gen_f3ccr1,0.4887288401161875,0.020576656312777553,
sparse_cluster,70df59832ed02d62d14a2b2bd6aa87c8,gen_no_constraint,0.48829457836117107,0.03075930242680956,
sparse_cluster,70df59832ed02d62d14a2b2bd6aa87c8,gen_jdm,0.451056893121266,0.01868603597589263,
sparse_cluster,75e28fe53f43a8e136246f7374c61ebc,gen_ftr1,0.214818149482015,0.07519673650851436,
sparse_cluster,76b10a5030ec483ba6cea4b87cd1b9c3,gen_ftr1,0.3644686183063032,0.039124446020552796,
sparse_cluster,8c91caa3a839773cd186d3bde85792ab,gen_ftr1,0.16130718954248366,0.08988513229190916,
sparse_cluster,8c91caa3a839773cd186d3bde85792ab,gen_f3ccr1,0.32111111111111107,0.09988810006449858,
sparse_cluster,8c91caa3a839773cd186d3bde85792ab,gen_no_constraint,0.3226797385620914,0.08148410863379744,
sparse_cluster,8c91caa3a839773cd186d3bde85792ab,gen_jdm,0.23673202614379085,0.07629346561727775,
sparse_cluster,8ee230717bb4771948f7f1b5705832bf,gen_ftr1,0.39008103241296516,0.05711910136080945,
sparse_cluster,8ee230717bb4771948f7f1b5705832bf,gen_f3ccr1,0.43766617758214393,0.036615937698517856,
sparse_cluster,8ee230717bb4771948f7f1b5705832bf,gen_no_constraint,0.4240746298519408,0.04505556132001786,
sparse_cluster,8ee230717bb4771948f7f1b5705832bf,gen_jdm,0.3985610911031079,0.04159505329495084,
sparse_cluster,bf39541b7ad854fc1d6f46ea6a9c4b34,gen_ftr1,0.3603293169119499,0.07606337584939131,
stars_cluster,0305fa001039c87957e4b40382da1af8,gen_ftr1,0.3597724700130368,0.026809425646581717,
stars_cluster,0305fa001039c87957e4b40382da1af8,gen_f3ccr1,0.3719184841692668,0.01845057073794227,
stars_cluster,0305fa001039c87957e4b40382da1af8,gen_no_constraint,0.3682321713669547,0.021723362843115258,
stars_cluster,0305fa001039c87957e4b40382da1af8,gen_jdm,0.35774810861316053,0.016523595719233435,
stars_cluster,149a4a2fe5330e617e50fbb1256a3948,gen_ftr1,0.29409652749988885,0.04135743604055805,
stars_cluster,2fe81f90ddcd8c72f38a253f470379b6,gen_ftr1,0.2254852489558372,0.03714465316389026,
stars_cluster,2fe81f90ddcd8c72f38a253f470379b6,gen_f3ccr1,0.2389177228000757,0.037155039481228655,
stars_cluster,2fe81f90ddcd8c72f38a253f470379b6,gen_no_constraint,0.2327754511283923,0.035424798783443935,
stars_cluster,2fe81f90ddcd8c72f38a253f470379b6,gen_jdm,0.20994432800315158,0.03542235665764496,
stars_cluster,44ecf05ad34f2f076fee207c2efd1d28,gen_ftr1,0.3222767858360143,0.03189726466510987,
stars_cluster,4bdc9ae0b1cc2c50cc3ed01d091ca353,gen_ftr1,0.28401416122004364,0.136695342332217,
stars_cluster,4fe6340fdcaeec9720c6fc14ca82e91a,gen_ftr1,0.31798109889542114,0.055833457301360884,
stars_cluster,4fe6340fdcaeec9720c6fc14ca82e91a,gen_f3ccr1,0.3729935452441846,0.03012973070476073,
stars_cluster,4fe6340fdcaeec9720c6fc14ca82e91a,gen_no_constraint,0.3747354497354497,0.029256893208057338,
stars_cluster,4fe6340fdcaeec9720c6fc14ca82e91a,gen_jdm,0.3142718747578083,0.028384269770237683,
stars_cluster,5852c4ce83d5140a41ce61118b1306b0,gen_ftr1,0.15474917408846484,0.029581124516526662,
stars_cluster,5852c4ce83d5140a41ce61118b1306b0,gen_f3ccr1,0.19174771281089886,0.027660933677259688,
stars_cluster,5852c4ce83d5140a41ce61118b1306b0,gen_no_constraint,0.17750377469628809,0.025889417330313656,
stars_cluster,5852c4ce83d5140a41ce61118b1306b0,gen_jdm,0.10391983239576824,0.024784422594677592,
stars_cluster,b4ac51e3bdb75ac5b3aaf40f33564281,gen_ftr1,0.16895749071969574,0.03091056158312936,
stars_cluster,d19a51bbfb371c13928ddf1f74170584,gen_ftr1,0.24905563548827309,0.03728695863987562,
stars_cluster,ebaea062bfc7de4644a01b732bed6a2e,gen_ftr1,0.31213893640468526,0.0245927450159343,
stars_cluster,f7e8eedb24e13f78fa6c3ce9745cac9e,gen_ftr1,0.2822501909956493,0.01864396578631668,
stars_cluster,f7e8eedb24e13f78fa6c3ce9745cac9e,gen_f3ccr1,0.48853789055975344,0.017404124134834043,
stars_cluster,f7e8eedb24e13f78fa6c3ce9745cac9e,gen_no_constraint,0.4663064776042494,0.018918740840742052,
stars_cluster,f7e8eedb24e13f78fa6c3ce9745cac9e,gen_jdm,0.45892484045631815,0.017069784383503116,
